,id,submission_author,num_crossposts,num_comments,submission_score,submission_title,submission_created_date,submission_year,submission_month,mbti_type_related,cleaned_text,words,filtered_words,raw_features,features,top_words
0,ui1lbb,Forbidden_Crisp,0,4,2,"Help me type my BF, pls!",2022-05-04 08:04:20,2022,5,general,help me type my bf pls,"['help', 'me', 'type', 'my', 'bf', 'pls']","['help', 'type', 'bf', 'pls']","(28828,[0,13,263,1080],[1.0,1.0,1.0,1.0])","(28828,[0,13,263,1080],[1.6591562559198105,3.396725719071708,5.893967327017659,7.427345200741716])","['type', 'help', 'pls', 'bf']"
1,ui1nfk,Acceptable-Elk2871,0,2,2,Perfectionism in Ti vs Te users,2022-05-04 08:09:02,2022,5,general,perfectionism in ti vs te users,"['perfectionism', 'in', 'ti', 'vs', 'te', 'users']","['perfectionism', 'ti', 'vs', 'te', 'users']","(28828,[35,60,77,190,4508],[1.0,1.0,1.0,1.0,1.0])","(28828,[35,60,77,190,4508],[4.18068981176644,4.685143088070172,4.818933783172485,5.654543645258275,9.387439984788985])","['vs', 'ti', 'te', 'users', 'perfectionism']"
2,ui1niz,[deleted],0,8,3,Which MBTI is most likely to judge someone for being cringe and conform to social norms and pressures?,2022-05-04 08:09:18,2022,5,general,which mbti is most likely to judge someone for being cringe and conform to social norms and pressures,"['which', 'mbti', 'is', 'most', 'likely', 'to', 'judge', 'someone', 'for', 'being', 'cringe', 'and', 'conform', 'to', 'social', 'norms', 'and', 'pressures']","['mbti', 'likely', 'judge', 'someone', 'cringe', 'conform', 'social', 'norms', 'pressures']","(28828,[1,10,22,182,245,897,3163,6693,10979],[1.0,1.0,1.0,1.0,1.0,1.0,1.0,1.0,1.0])","(28828,[1,10,22,182,245,897,3163,6693,10979],[2.0883185220781857,3.237477079860325,3.7423465064814643,5.5246072235516115,5.8522946306170915,7.247373821292715,8.856811733726815,9.898265608554976,10.591412789114921])","['mbti', 'likely', 'someone', 'social', 'judge']"
3,ui1y0n,[deleted],0,7,1,Would this be a function?,2022-05-04 08:32:10,2022,5,general,would this be a function,"['would', 'this', 'be', 'a', 'function']",['function'],"(28828,[27],[1.0])","(28828,[27],[3.930410927086128])",['function']
4,ui20u9,Glittering-Corgi-557,0,36,1,is Ni possible without hunches,2022-05-04 08:38:12,2022,5,general,is ni possible without hunches,"['is', 'ni', 'possible', 'without', 'hunches']","['ni', 'possible', 'without', 'hunches']","(28828,[47,105,248,20751],[1.0,1.0,1.0,1.0])","(28828,[47,105,248,20751],[4.486619556699936,4.986836964542169,5.846480660751672,10.996877897223087])","['ni', 'possible', 'without', 'hunches']"
5,ui257n,[deleted],0,8,20,"Found this visual to be accurate, what do you think?",2022-05-04 08:47:57,2022,5,general,found this visual to be accurate what do you think,"['found', 'this', 'visual', 'to', 'be', 'accurate', 'what', 'do', 'you', 'think']","['found', 'visual', 'accurate', 'think']","(28828,[9,109,185,808],[1.0,1.0,1.0,1.0])","(28828,[9,109,185,808],[3.1595208723071218,5.026892381792228,5.52250858689469,7.094905227648441])","['think', 'accurate', 'found', 'visual']"
6,ui2awf,night-laughs,0,1,1,Can underdeveloped inferior Si affect how dominant Ne manifests itself?,2022-05-04 09:00:38,2022,5,general,can underdeveloped inferior si affect how dominant ne manifests itself,"['can', 'underdeveloped', 'inferior', 'si', 'affect', 'how', 'dominant', 'ne', 'manifests', 'itself']","['underdeveloped', 'inferior', 'si', 'affect', 'dominant', 'ne', 'manifests']","(28828,[53,88,145,176,629,1684,3134],[1.0,1.0,1.0,1.0,1.0,1.0,1.0])","(28828,[53,88,145,176,629,1684,3134],[4.565546815289608,4.8988036150568455,5.29810796439043,5.537292383078928,6.79218527783212,8.134677016293617,8.856811733726815])","['ne', 'si', 'inferior', 'dominant', 'affect']"
7,xtdg3q,verovatno_fed,0,1,2,Voting,2022-10-02 02:45:48,2022,10,general,voting,['voting'],['voting'],"(28828,[3270],[1.0])","(28828,[3270],[8.91743635554325])",['voting']
8,xtdxzm,ApaixonadapeloEren,0,0,1,MOST TO LEAST ATTRACTIVE TYPES (I'm a ISTP),2022-10-02 03:11:50,2022,10,ISTP,most to least attractive types im a istp,"['most', 'to', 'least', 'attractive', 'types', 'im', 'a', 'istp']","['least', 'attractive', 'types', 'im', 'istp']","(28828,[4,8,37,112,439],[1.0,1.0,1.0,1.0,1.0])","(28828,[4,8,37,112,439],[3.0122448217188453,3.1351508193991053,4.212420834585442,5.0606618243455825,6.427334888878145])","['im', 'types', 'istp', 'least', 'attractive']"
9,xtdzkx,[deleted],0,3,0,which mbti is the most likely to steal food from someone in a shared fridge?,2022-10-02 03:14:07,2022,10,general,which mbti is the most likely to steal food from someone in a shared fridge,"['which', 'mbti', 'is', 'the', 'most', 'likely', 'to', 'steal', 'food', 'from', 'someone', 'in', 'a', 'shared', 'fridge']","['mbti', 'likely', 'steal', 'food', 'someone', 'shared', 'fridge']","(28828,[1,10,22,1158,2238,2801,9671],[1.0,1.0,1.0,1.0,1.0,1.0,1.0])","(28828,[1,10,22,1158,2238,2801,9671],[2.0883185220781857,3.237477079860325,3.7423465064814643,7.5311419944233595,8.43192853976155,8.69429280422904,10.303730716663141])","['mbti', 'likely', 'someone', 'food', 'steal']"
